scenario,total_usd,% change
fmsy0.6,3.35694E+11,
fmsy0.8,3.58317E+11,6.739141075
fmsy1,3.74657E+11,11.60675297
fmsy1.1,3.78126E+11,12.6402385
