,scenario,total_catch,% change
1,fmsy0.6,337794743.2,
2,fmsy0.8,362333326.9,7.264347442
3,fmsy1,379007461.9,12.20052105
4,fmsy1.1,382869727.7,13.34389758
